<?xml version="1.0" encoding="UTF-8"?>
<project-private xmlns="http://www.netbeans.org/ns/project-private/1">
    <editor-bookmarks xmlns="http://www.netbeans.org/ns/editor-bookmarks/2" lastBookmarkId="0"/>
    <open-files xmlns="http://www.netbeans.org/ns/projectui-open-files/2">
        <group>
            <file>file:/var/www/html/NetBeansProjects/NanositeApprovd/styles.css</file>
            <file>file:/var/www/html/NetBeansProjects/NanositeApprovd/cssexamples.php</file>
            <file>file:/var/www/html/NetBeansProjects/NanositeApprovd/header.php</file>
            <file>file:/var/www/html/NetBeansProjects/NanositeApprovd/profile.php</file>
            <file>file:/var/www/html/NetBeansProjects/NanositeApprovd/functions.php</file>
            <file>file:/var/www/html/NetBeansProjects/NanositeApprovd/members.php</file>
        </group>
    </open-files>
</project-private>
